ResourceTitle,ResourceID,ParentTitle,Container
"Institute of International Education records, Photographic Files, RG 4",FA1288,"Photographic Files, Accession 2016:070",Box 43
"Institute of International Education records, Photographic Files, RG 4",FA1288,"Photographic Files, Accession 2016:070",Box 30
"Institute of International Education records, Photographic Files, RG 4",FA1288,"Photographic Files, Accession 2016:070",Box 4
"Institute of International Education records, Photographic Files, RG 4",FA1288,"Photographic Files, Accession 2016:070",Box 60
"Institute of International Education records, Photographic Files, RG 4",FA1288,"Photographic Files, Accession 2016:070",Box 12
"Institute of International Education records, Photographic Files, RG 4",FA1288,"Photographic Files, Accession 2017:006",Box 4b
"Institute of International Education records, Photographic Files, RG 4",FA1288,"Photographic Files, Accession 2016:070",Box 17
"Institute of International Education records, Photographic Files, RG 4",FA1288,"Photographic Files, Accession 2016:070",Box 46
"Institute of International Education records, Photographic Files, RG 4",FA1288,"Photographic Files, Accession 2016:070",Box 24
"Institute of International Education records, Photographic Files, RG 4",FA1288,"Photographic Files, Accession 2016:070",Box 18
"Institute of International Education records, Photographic Files, RG 4",FA1288,"Photographic Files, Accession 2016:070",Box 22
"Institute of International Education records, Photographic Files, RG 4",FA1288,"Photographic Files, Accession 2016:070",Box 28
"Institute of International Education records, Photographic Files, RG 4",FA1288,"Photographic Files, Accession 2017:006",Box 4c
"Institute of International Education records, Photographic Files, RG 4",FA1288,"Photographic Files, Accession 2016:070",Box 38
"Institute of International Education records, Photographic Files, RG 4",FA1288,"Photographic Files, Accession 2016:070",Box 61
"Institute of International Education records, Photographic Files, RG 4",FA1288,"Photographic Files, Accession 2016:070",Box 56
"Institute of International Education records, Photographic Files, RG 4",FA1288,"Photographic Files, Accession 2016:070",Box 23
"Institute of International Education records, Photographic Files, RG 4",FA1288,"Photographic Files, Accession 2016:070",Box 1
"Institute of International Education records, Photographic Files, RG 4",FA1288,"Photographic Files, Accession 2016:070",Box 43a
"Institute of International Education records, Photographic Files, RG 4",FA1288,"Photographic Files, Accession 2016:070",Box 13
"Institute of International Education records, Photographic Files, RG 4",FA1288,"Photographic Files, Accession 2016:070",Box 64
"Institute of International Education records, Photographic Files, RG 4",FA1288,"Photographic Files, Accession 2016:070",Box 58
"Institute of International Education records, Photographic Files, RG 4",FA1288,"Photographic Files, Accession 2016:070",Box 26
"Institute of International Education records, Photographic Files, RG 4",FA1288,"Photographic Files, Accession 2017:006",Box 4
"Institute of International Education records, Photographic Files, RG 4",FA1288,"Photographic Files, Accession 2016:070",Box 11
"Institute of International Education records, Photographic Files, RG 4",FA1288,"Photographic Files, Accession 2016:070",Box 10
"Institute of International Education records, Photographic Files, RG 4",FA1288,"Photographic Files, Accession 2016:070",Box 29
"Institute of International Education records, Photographic Files, RG 4",FA1288,"Photographic Files, Accession 2016:070",Box 31
"Institute of International Education records, Photographic Files, RG 4",FA1288,"Photographic Files, Accession 2016:070",Box 48
"Institute of International Education records, Photographic Files, RG 4",FA1288,"Photographic Files, Accession 2016:070",Box 55
"Institute of International Education records, Photographic Files, RG 4",FA1288,"Photographic Files, Accession 2016:070",Box 62
"Institute of International Education records, Photographic Files, RG 4",FA1288,"Photographic Files, Accession 2016:070",Box 16
"Institute of International Education records, Photographic Files, RG 4",FA1288,"Photographic Files, Accession 2017:006",Box 4d
"Institute of International Education records, Photographic Files, RG 4",FA1288,"Photographic Files, Accession 2016:070",Box 3
"Institute of International Education records, Photographic Files, RG 4",FA1288,"Photographic Files, Accession 2016:070",Box 5
"Institute of International Education records, Photographic Files, RG 4",FA1288,"Photographic Files, Accession 2016:070",Box 34
"Institute of International Education records, Photographic Files, RG 4",FA1288,"Photographic Files, Accession 2017:006",Box 4a
"Institute of International Education records, Photographic Files, RG 4",FA1288,"Photographic Files, Accession 2016:070",Box 35
"Institute of International Education records, Photographic Files, RG 4",FA1288,"Photographic Files, Accession 2016:070",Box 42a
"Institute of International Education records, Photographic Files, RG 4",FA1288,"Photographic Files, Accession 2016:070",Box 37
"Institute of International Education records, Photographic Files, RG 4",FA1288,"Photographic Files, Accession 2016:070",Box 54
"Institute of International Education records, Photographic Files, RG 4",FA1288,"Photographic Files, Accession 2016:070",Box 19
"Institute of International Education records, Photographic Files, RG 4",FA1288,"Photographic Files, Accession 2016:070",Box 51
"Institute of International Education records, Photographic Files, RG 4",FA1288,"Photographic Files, Accession 2016:070",Box 50
"Institute of International Education records, Photographic Files, RG 4",FA1288,"Photographic Files, Accession 2016:070",Box 39
"Institute of International Education records, Photographic Files, RG 4",FA1288,"Photographic Files, Accession 2016:070",Box 49
"Institute of International Education records, Photographic Files, RG 4",FA1288,"Photographic Files, Accession 2016:070",Box 14
"Institute of International Education records, Photographic Files, RG 4",FA1288,"Photographic Files, Accession 2016:070",Box 52
"Institute of International Education records, Photographic Files, RG 4",FA1288,"Photographic Files, Accession 2016:070",Box 15
"Institute of International Education records, Photographic Files, RG 4",FA1288,"Photographic Files, Accession 2016:070",Box 53
"Institute of International Education records, Photographic Files, RG 4",FA1288,"Photographic Files, Accession 2016:070",Box 42
"Institute of International Education records, Photographic Files, RG 4",FA1288,"Photographic Files, Accession 2016:070",Box 2
"Institute of International Education records, Photographic Files, RG 4",FA1288,"Photographic Files, Accession 2016:070",Box 6
"Institute of International Education records, Photographic Files, RG 4",FA1288,"Photographic Files, Accession 2016:070",Box 36
"Institute of International Education records, Photographic Files, RG 4",FA1288,"Photographic Files, Accession 2016:070",Box 44
"Institute of International Education records, Photographic Files, RG 4",FA1288,"Photographic Files, Accession 2016:070",Box 47
"Institute of International Education records, Photographic Files, RG 4",FA1288,"Photographic Files, Accession 2016:070",Box 57
"Institute of International Education records, Photographic Files, RG 4",FA1288,"Photographic Files, Accession 2016:070",Box 59
"Institute of International Education records, Photographic Files, RG 4",FA1288,"Photographic Files, Accession 2016:070",Box 63
"Institute of International Education records, Photographic Files, RG 4",FA1288,"Photographic Files, Accession 2017:006",Box 4e
"Institute of International Education records, Photographic Files, RG 4",FA1288,"Photographic Files, Accession 2016:070",Box 41
"Institute of International Education records, Photographic Files, RG 4",FA1288,"Photographic Files, Accession 2016:070",Box 40
"Institute of International Education records, Photographic Files, RG 4",FA1288,"Photographic Files, Accession 2016:070",Box 45
"Institute of International Education records, Photographic Files, RG 4",FA1288,"Photographic Files, Accession 2016:070",Box 33
"Institute of International Education records, Photographic Files, RG 4",FA1288,"Photographic Files, Accession 2016:070",Box 21
"Institute of International Education records, Photographic Files, RG 4",FA1288,"Photographic Files, Accession 2016:070",Box 8
"Institute of International Education records, Photographic Files, RG 4",FA1288,"Photographic Files, Accession 2016:070",Box 20
"Institute of International Education records, Photographic Files, RG 4",FA1288,"Photographic Files, Accession 2016:070",Box 7
"Institute of International Education records, Photographic Files, RG 4",FA1288,"Photographic Files, Accession 2016:070",Box 32
"Institute of International Education records, Photographic Files, RG 4",FA1288,"Photographic Files, Accession 2016:070",Box 27
"Institute of International Education records, Photographic Files, RG 4",FA1288,"Photographic Files, Accession 2016:070",Box 9
"Institute of International Education records, Photographic Files, RG 4",FA1288,"Photographic Files, Accession 2016:070",Box 25
